{
  "colony_level1_mean_ms": 0.0185243,
  "colony_level2_mean_ms": 0.010966,
  "colony_snapshot_build_mean_ms": 0.0072217,
  "colony_replication_mean_ms": 0.0185526,
  "baseline_reelection_mean_ms": 0.0165296,
  "scaling": {
    "4": {
      "mean_ms": 0.0113274,
      "std_ms": 0.03861779353088921,
      "min_ms": 0.0049,
      "max_ms": 0.6676
    },
    "6": {
      "mean_ms": 0.009356,
      "std_ms": 0.005304535813848446,
      "min_ms": 0.0077,
      "max_ms": 0.1138
    },
    "8": {
      "mean_ms": 0.010683,
      "std_ms": 0.0004415891778610613,
      "min_ms": 0.0104,
      "max_ms": 0.017
    },
    "10": {
      "mean_ms": 0.0142258,
      "std_ms": 0.003180072338825065,
      "min_ms": 0.0132,
      "max_ms": 0.062
    },
    "12": {
      "mean_ms": 0.0164956,
      "std_ms": 0.0014868766742702564,
      "min_ms": 0.016,
      "max_ms": 0.0349
    },
    "14": {
      "mean_ms": 0.0195788,
      "std_ms": 0.001904585375062458,
      "min_ms": 0.0187,
      "max_ms": 0.0409
    },
    "16": {
      "mean_ms": 0.022305600000000002,
      "std_ms": 0.0032126516931973203,
      "min_ms": 0.0213,
      "max_ms": 0.0666
    }
  }
}